<?xml version="1.0" encoding="UTF-8"?>
<project-private xmlns="http://www.netbeans.org/ns/project-private/1">
    <editor-bookmarks xmlns="http://www.netbeans.org/ns/editor-bookmarks/2" lastBookmarkId="0"/>
    <open-files xmlns="http://www.netbeans.org/ns/projectui-open-files/2">
        <group>
            <file>file:/C:/Users/Acer/Documents/oose%20project/oose%20project/ooseproject/CourseReservationSystem/src/home.java</file>
            <file>file:/C:/Users/Acer/Documents/oose%20project/oose%20project/ooseproject/CourseReservationSystem/src/cppcourse.java</file>
            <file>file:/C:/Users/Acer/Documents/oose%20project/oose%20project/ooseproject/CourseReservationSystem/src/course.java</file>
            <file>file:/C:/Users/Acer/Documents/oose%20project/oose%20project/ooseproject/CourseReservationSystem/src/csharpcourse.java</file>
        </group>
    </open-files>
</project-private>
